game_id,season,week,home_team,away_team,weekday,gametime,game_time_slot,travel_distance_miles,game_altitude,travel_adjustment,altitude_adjustment,primetime_adjustment,total_contextual_adjustment
2024_01_BAL_KC,2024,1,KC,BAL,Thursday,20:20,thursday_night,957.7726834242312,750,-3.831090733696925,0,-5,-8.831090733696925
2024_01_GB_PHI,2024,1,PHI,GB,Friday,20:15,other,5369.371574064658,2493,-21.47748629625863,0,0,-21.47748629625863
2024_01_PIT_ATL,2024,1,ATL,PIT,Sunday,13:00,sunday_afternoon,520.9595752530531,1050,-2.0838383010122126,0,0,-2.0838383010122126
2024_01_ARI_BUF,2024,1,BUF,ARI,Sunday,13:00,sunday_afternoon,1916.6481955658057,630,-7.666592782263223,0,0,-7.666592782263223
2024_01_TEN_CHI,2024,1,CHI,TEN,Sunday,13:00,sunday_afternoon,395.5272206164366,597,-1.5821088824657463,0,0,-1.5821088824657463
2024_01_NE_CIN,2024,1,CIN,NE,Sunday,13:00,sunday_afternoon,726.1534813441166,490,-2.9046139253764665,0,0,-2.9046139253764665
2024_01_HOU_IND,2024,1,IND,HOU,Sunday,13:00,sunday_afternoon,870.2831469062533,718,-3.481132587625013,0,0,-3.481132587625013
2024_01_JAX_MIA,2024,1,MIA,JAX,Sunday,13:00,sunday_afternoon,312.5147562425738,10,-1.2500590249702952,0,0,-1.2500590249702952
2024_01_CAR_NO,2024,1,NO,CAR,Sunday,13:00,sunday_afternoon,649.0794327526472,3,-2.596317731010589,0,0,-2.596317731010589
2024_01_MIN_NYG,2024,1,NYG,MIN,Sunday,13:00,sunday_afternoon,1012.3563493083315,10,-4.049425397233326,0,0,-4.049425397233326
2024_01_MIN_NYG,2024,1,NYG,MIN,Sunday,13:00,sunday_afternoon,1012.3563493083315,10,-4.049425397233326,0,0,-4.049425397233326
2024_01_LV_LAC,2024,1,LAC,LV,Sunday,16:05,sunday_afternoon,231.79091494935008,107,-0.9271636597974003,0,0,-0.9271636597974003
2024_01_LV_LAC,2024,1,LAC,LV,Sunday,16:05,sunday_afternoon,231.79091494935008,107,-0.9271636597974003,0,0,-0.9271636597974003
2024_01_DEN_SEA,2024,1,SEA,DEN,Sunday,16:05,sunday_afternoon,1020.451810258765,16,-4.08180724103506,0,0,-4.08180724103506
2024_01_DAL_CLE,2024,1,CLE,DAL,Sunday,16:25,sunday_afternoon,1040.201824343431,653,-4.160807297373725,0,0,-4.160807297373725
2024_01_WAS_TB,2024,1,TB,WAS,Sunday,16:25,sunday_afternoon,820.3540619594974,26,-3.2814162478379894,0,0,-3.2814162478379894
2024_01_LA_DET,2024,1,DET,LA,Sunday,20:20,sunday_night,1991.4150919544268,600,-7.965660367817708,0,0,-7.965660367817708
2024_01_LA_DET,2024,1,DET,LA,Sunday,20:20,sunday_night,1991.4150919544268,600,-7.965660367817708,0,0,-7.965660367817708
2024_01_NYJ_SF,2024,1,SF,NYJ,Monday,20:15,monday_night,2552.858967178664,72,-10.211435868714656,0,0,-10.211435868714656
2024_01_NYJ_SF,2024,1,SF,NYJ,Monday,20:15,monday_night,2552.858967178664,72,-10.211435868714656,0,0,-10.211435868714656
2024_02_BUF_MIA,2024,2,MIA,BUF,Thursday,20:15,thursday_night,1162.027399092766,10,-4.648109596371064,0,-5,-9.648109596371064
2024_02_LV_BAL,2024,2,BAL,LV,Sunday,13:00,sunday_afternoon,2108.9010021731874,33,-8.43560400869275,0,0,-8.43560400869275
2024_02_LAC_CAR,2024,2,CAR,LAC,Sunday,13:00,sunday_afternoon,2126.0077202593743,748,-8.504030881037497,0,0,-8.504030881037497
2024_02_LAC_CAR,2024,2,CAR,LAC,Sunday,13:00,sunday_afternoon,2126.0077202593743,748,-8.504030881037497,0,0,-8.504030881037497
2024_02_NO_DAL,2024,2,DAL,NO,Sunday,13:00,sunday_afternoon,457.09150306578397,607,-1.828366012263136,0,0,-1.828366012263136
2024_02_TB_DET,2024,2,DET,TB,Sunday,13:00,sunday_afternoon,990.706577097561,600,-3.9628263083902437,0,0,-3.9628263083902437
2024_02_IND_GB,2024,2,GB,IND,Sunday,13:00,sunday_afternoon,341.43033392563063,640,-1.3657213357025226,0,0,-1.3657213357025226
2024_02_CLE_JAX,2024,2,JAX,CLE,Sunday,13:00,sunday_afternoon,770.9808213449517,16,-3.083923285379807,0,0,-3.083923285379807
2024_02_SF_MIN,2024,2,MIN,SF,Sunday,13:00,sunday_afternoon,1575.4165427094636,840,-6.301666170837854,0,0,-6.301666170837854
2024_02_SEA_NE,2024,2,NE,SEA,Sunday,13:00,sunday_afternoon,2491.2923639936494,151,-9.965169455974598,0,0,-9.965169455974598
2024_02_NYJ_TEN,2024,2,TEN,NYJ,Sunday,13:00,sunday_afternoon,758.2891808096675,446,-3.0331567232386702,0,0,-3.0331567232386702
2024_02_NYJ_TEN,2024,2,TEN,NYJ,Sunday,13:00,sunday_afternoon,758.2891808096675,446,-3.0331567232386702,0,0,-3.0331567232386702
2024_02_NYG_WAS,2024,2,WAS,NYG,Sunday,13:00,sunday_afternoon,198.19078556267328,75,-0.7927631422506931,0,0,-0.7927631422506931
2024_02_NYG_WAS,2024,2,WAS,NYG,Sunday,13:00,sunday_afternoon,198.19078556267328,75,-0.7927631422506931,0,0,-0.7927631422506931
2024_02_LA_ARI,2024,2,ARI,LA,Sunday,16:05,sunday_afternoon,351.0624670460791,1117,-1.4042498681843165,0,0,-1.4042498681843165
2024_02_LA_ARI,2024,2,ARI,LA,Sunday,16:05,sunday_afternoon,351.0624670460791,1117,-1.4042498681843165,0,0,-1.4042498681843165
2024_02_PIT_DEN,2024,2,DEN,PIT,Sunday,16:25,sunday_afternoon,1320.1287151757065,5280,-5.280514860702826,-10,0,-15.280514860702826
2024_02_CIN_KC,2024,2,KC,CIN,Sunday,16:25,sunday_afternoon,535.7388998752829,750,-2.1429555995011316,0,0,-2.1429555995011316
2024_02_CHI_HOU,2024,2,HOU,CHI,Sunday,20:20,sunday_night,945.8902157796634,50,-3.783560863118654,0,0,-3.783560863118654
2024_02_ATL_PHI,2024,2,PHI,ATL,Monday,20:15,monday_night,663.8279509061362,36,-2.655311803624545,0,0,-2.655311803624545
2024_03_NE_NYJ,2024,3,NYJ,NE,Thursday,20:15,thursday_night,170.46787081822302,10,-0.681871483272892,0,-5,-5.681871483272892
2024_03_NE_NYJ,2024,3,NYJ,NE,Thursday,20:15,thursday_night,170.46787081822302,10,-0.681871483272892,0,-5,-5.681871483272892
2024_03_NYG_CLE,2024,3,CLE,NYG,Sunday,13:00,sunday_afternoon,400.41543046928075,653,-1.601661721877123,0,0,-1.601661721877123
2024_03_NYG_CLE,2024,3,CLE,NYG,Sunday,13:00,sunday_afternoon,400.41543046928075,653,-1.601661721877123,0,0,-1.601661721877123
2024_03_CHI_IND,2024,3,IND,CHI,Sunday,13:00,sunday_afternoon,163.8333654769699,718,-0.6553334619078797,0,0,-0.6553334619078797
2024_03_HOU_MIN,2024,3,MIN,HOU,Sunday,13:00,sunday_afternoon,1060.9241406236622,840,-4.243696562494649,0,0,-4.243696562494649
2024_03_PHI_NO,2024,3,NO,PHI,Sunday,13:00,sunday_afternoon,1087.011127568283,3,-4.348044510273132,0,0,-4.348044510273132
2024_03_LAC_PIT,2024,3,PIT,LAC,Sunday,13:00,sunday_afternoon,2143.446297790395,745,-8.57378519116158,0,0,-8.57378519116158
2024_03_LAC_PIT,2024,3,PIT,LAC,Sunday,13:00,sunday_afternoon,2143.446297790395,745,-8.57378519116158,0,0,-8.57378519116158
2024_03_DEN_TB,2024,3,TB,DEN,Sunday,13:00,sunday_afternoon,1519.8588480552353,26,-6.079435392220941,0,0,-6.079435392220941
2024_03_GB_TEN,2024,3,TEN,GB,Sunday,13:00,sunday_afternoon,579.0867476294529,446,-2.3163469905178116,0,0,-2.3163469905178116
2024_03_CAR_LV,2024,3,LV,CAR,Sunday,16:05,sunday_afternoon,1922.4681686982606,2030,-7.689872674793042,0,0,-7.689872674793042
2024_03_MIA_SEA,2024,3,SEA,MIA,Sunday,16:05,sunday_afternoon,2722.503520445367,16,-10.890014081781468,0,0,-10.890014081781468
2024_03_DET_ARI,2024,3,ARI,DET,Sunday,16:25,sunday_afternoon,1697.4235859688636,1117,-6.789694343875454,0,0,-6.789694343875454
2024_03_BAL_DAL,2024,3,DAL,BAL,Sunday,16:25,sunday_afternoon,1228.5049644047658,607,-4.9140198576190635,0,0,-4.9140198576190635
2024_03_SF_LA,2024,3,LA,SF,Sunday,16:25,sunday_afternoon,313.42712250590324,107,-1.253708490023613,0,0,-1.253708490023613
2024_03_SF_LA,2024,3,LA,SF,Sunday,16:25,sunday_afternoon,313.42712250590324,107,-1.253708490023613,0,0,-1.253708490023613
2024_03_KC_ATL,2024,3,ATL,KC,Sunday,20:20,sunday_night,669.5008155742776,1050,-2.67800326229711,0,0,-2.67800326229711
2024_03_JAX_BUF,2024,3,BUF,JAX,Monday,19:30,monday_night,872.8401384759743,630,-3.491360553903897,0,0,-3.491360553903897
2024_03_WAS_CIN,2024,3,CIN,WAS,Monday,20:15,monday_night,411.9316327393762,490,-1.6477265309575049,0,0,-1.6477265309575049
2024_04_DAL_NYG,2024,4,NYG,DAL,Thursday,20:15,thursday_night,1387.3061277938004,10,-5.549224511175202,0,-5,-10.549224511175202
2024_04_DAL_NYG,2024,4,NYG,DAL,Thursday,20:15,thursday_night,1387.3061277938004,10,-5.549224511175202,0,-5,-10.549224511175202
2024_04_NO_ATL,2024,4,ATL,NO,Sunday,13:00,sunday_afternoon,424.48778579567886,1050,-1.6979511431827154,0,0,-1.6979511431827154
2024_04_CIN_CAR,2024,4,CAR,CIN,Sunday,13:00,sunday_afternoon,334.7212367732108,748,-1.3388849470928432,0,0,-1.3388849470928432
2024_04_LA_CHI,2024,4,CHI,LA,Sunday,13:00,sunday_afternoon,1754.2672492028116,597,-7.017068996811247,0,0,-7.017068996811247
2024_04_LA_CHI,2024,4,CHI,LA,Sunday,13:00,sunday_afternoon,1754.2672492028116,597,-7.017068996811247,0,0,-7.017068996811247
2024_04_MIN_GB,2024,4,GB,MIN,Sunday,13:00,sunday_afternoon,257.72070689315416,640,-1.0308828275726167,0,0,-1.0308828275726167
2024_04_JAX_HOU,2024,4,HOU,JAX,Sunday,13:00,sunday_afternoon,826.3978479557396,50,-3.3055913918229587,0,0,-3.3055913918229587
2024_04_PIT_IND,2024,4,IND,PIT,Sunday,13:00,sunday_afternoon,329.0906476124584,718,-1.3163625904498335,0,0,-1.3163625904498335
2024_04_DEN_NYJ,2024,4,NYJ,DEN,Sunday,13:00,sunday_afternoon,1627.2681546857723,10,-6.509072618743089,0,0,-6.509072618743089
2024_04_DEN_NYJ,2024,4,NYJ,DEN,Sunday,13:00,sunday_afternoon,1627.2681546857723,10,-6.509072618743089,0,0,-6.509072618743089
2024_04_PHI_TB,2024,4,TB,PHI,Sunday,13:00,sunday_afternoon,922.7912664840776,26,-3.6911650659363104,0,0,-3.6911650659363104
2024_04_WAS_ARI,2024,4,ARI,WAS,Sunday,16:05,sunday_afternoon,1999.2776067789123,1117,-7.99711042711565,0,0,-7.99711042711565
2024_04_NE_SF,2024,4,SF,NE,Sunday,16:05,sunday_afternoon,2680.029153963279,72,-10.720116615853117,0,0,-10.720116615853117
2024_04_KC_LAC,2024,4,LAC,KC,Sunday,16:25,sunday_afternoon,1369.238752829446,107,-5.476955011317784,0,0,-5.476955011317784
2024_04_KC_LAC,2024,4,LAC,KC,Sunday,16:25,sunday_afternoon,1369.238752829446,107,-5.476955011317784,0,0,-5.476955011317784
2024_04_CLE_LV,2024,4,LV,CLE,Sunday,16:25,sunday_afternoon,1833.6002405601027,2030,-7.334400962240411,0,0,-7.334400962240411
2024_04_BUF_BAL,2024,4,BAL,BUF,Sunday,20:20,sunday_night,266.4043904443833,33,-1.0656175617775332,0,0,-1.0656175617775332
2024_04_TEN_MIA,2024,4,MIA,TEN,Monday,19:30,monday_night,802.3870965916668,10,-3.2095483863666674,0,0,-3.2095483863666674
2024_04_SEA_DET,2024,4,DET,SEA,Monday,20:15,monday_night,1938.1521178615883,600,-7.7526084714463535,0,0,-7.7526084714463535
2024_05_TB_ATL,2024,5,ATL,TB,Thursday,20:15,thursday_night,413.7721868797348,1050,-1.6550887475189393,0,-5,-6.655088747518939
2024_05_NYJ_MIN,2024,5,MIN,NYJ,Sunday,09:30,other,3469.357251792063,49,-13.877429007168251,0,0,-13.877429007168251
2024_05_NYJ_MIN,2024,5,MIN,NYJ,Sunday,09:30,other,3469.357251792063,49,-13.877429007168251,0,0,-13.877429007168251
2024_05_CAR_CHI,2024,5,CHI,CAR,Sunday,13:00,sunday_afternoon,585.9210904082164,597,-2.3436843616328655,0,0,-2.3436843616328655
2024_05_BAL_CIN,2024,5,CIN,BAL,Sunday,13:00,sunday_afternoon,423.80780020455256,490,-1.6952312008182102,0,0,-1.6952312008182102
2024_05_BUF_HOU,2024,5,HOU,BUF,Sunday,13:00,sunday_afternoon,1290.3168748706028,50,-5.1612674994824115,0,0,-5.1612674994824115
2024_05_IND_JAX,2024,5,JAX,IND,Sunday,13:00,sunday_afternoon,699.0183937487074,16,-2.7960735749948293,0,0,-2.7960735749948293
2024_05_MIA_NE,2024,5,NE,MIA,Sunday,13:00,sunday_afternoon,1223.6899077325252,151,-4.894759630930101,0,0,-4.894759630930101
2024_05_CLE_WAS,2024,5,WAS,CLE,Sunday,13:00,sunday_afternoon,312.27124601035445,75,-1.2490849840414178,0,0,-1.2490849840414178
2024_05_LV_DEN,2024,5,DEN,LV,Sunday,16:05,sunday_afternoon,610.4605017871257,5280,-2.441842007148503,-10,0,-12.441842007148503
2024_05_ARI_SF,2024,5,SF,ARI,Sunday,16:05,sunday_afternoon,608.7755064662525,72,-2.4351020258650102,0,0,-2.4351020258650102
2024_05_GB_LA,2024,5,LA,GB,Sunday,16:25,sunday_afternoon,1766.667120823192,107,-7.0666684832927675,0,0,-7.0666684832927675
2024_05_GB_LA,2024,5,LA,GB,Sunday,16:25,sunday_afternoon,1766.667120823192,107,-7.0666684832927675,0,0,-7.0666684832927675
2024_05_NYG_SEA,2024,5,SEA,NYG,Sunday,16:25,sunday_afternoon,2401.8748992374044,16,-9.607499596949618,0,0,-9.607499596949618
2024_05_NYG_SEA,2024,5,SEA,NYG,Sunday,16:25,sunday_afternoon,2401.8748992374044,16,-9.607499596949618,0,0,-9.607499596949618
2024_05_DAL_PIT,2024,5,PIT,DAL,Sunday,20:20,sunday_night,1085.1530826551077,745,-4.340612330620431,0,0,-4.340612330620431
2024_05_NO_KC,2024,5,KC,NO,Monday,20:15,monday_night,675.3253642805406,750,-2.7013014571221623,0,0,-2.7013014571221623
2024_06_SF_SEA,2024,6,SEA,SF,Thursday,20:15,thursday_night,703.7324322934978,16,-2.814929729173991,0,-5,-7.814929729173992
2024_06_JAX_CHI,2024,6,CHI,JAX,Sunday,09:30,other,4270.96221628004,49,-17.08384886512016,0,0,-17.08384886512016
2024_06_WAS_BAL,2024,6,BAL,WAS,Sunday,13:00,sunday_afternoon,28.667470050054824,33,-0.1146698802002193,0,0,-0.1146698802002193
2024_06_ARI_GB,2024,6,GB,ARI,Sunday,13:00,sunday_afternoon,1497.8910760115268,640,-5.991564304046108,0,0,-5.991564304046108
2024_06_HOU_NE,2024,6,NE,HOU,Sunday,13:00,sunday_afternoon,1593.4091362278834,151,-6.373636544911534,0,0,-6.373636544911534
2024_06_TB_NO,2024,6,NO,TB,Sunday,13:00,sunday_afternoon,478.58799709526795,3,-1.9143519883810718,0,0,-1.9143519883810718
2024_06_CLE_PHI,2024,6,PHI,CLE,Sunday,13:00,sunday_afternoon,360.34574666906207,36,-1.4413829866762482,0,0,-1.4413829866762482
2024_06_IND_TEN,2024,6,TEN,IND,Sunday,13:00,sunday_afternoon,250.0564983124086,446,-1.0002259932496345,0,0,-1.0002259932496345
2024_06_LAC_DEN,2024,6,DEN,LAC,Sunday,16:05,sunday_afternoon,839.0822077990473,5280,-3.356328831196189,-10,0,-13.356328831196189
2024_06_LAC_DEN,2024,6,DEN,LAC,Sunday,16:05,sunday_afternoon,839.0822077990473,5280,-3.356328831196189,-10,0,-13.356328831196189
2024_06_PIT_LV,2024,6,LV,PIT,Sunday,16:05,sunday_afternoon,1922.8105535788018,2030,-7.691242214315207,0,0,-7.691242214315207
2024_06_ATL_CAR,2024,6,CAR,ATL,Sunday,16:25,sunday_afternoon,226.41600727818627,748,-0.9056640291127451,0,0,-0.9056640291127451
2024_06_DET_DAL,2024,6,DAL,DET,Sunday,16:25,sunday_afternoon,1013.8289242363668,607,-4.055315696945467,0,0,-4.055315696945467
2024_06_CIN_NYG,2024,6,NYG,CIN,Sunday,20:20,sunday_night,566.5729990310007,10,-2.2662919961240027,0,0,-2.2662919961240027
2024_06_CIN_NYG,2024,6,NYG,CIN,Sunday,20:20,sunday_night,566.5729990310007,10,-2.2662919961240027,0,0,-2.2662919961240027
2024_06_BUF_NYJ,2024,6,NYJ,BUF,Monday,20:15,monday_night,278.4374602525353,10,-1.1137498410101412,0,0,-1.1137498410101412
2024_06_BUF_NYJ,2024,6,NYJ,BUF,Monday,20:15,monday_night,278.4374602525353,10,-1.1137498410101412,0,0,-1.1137498410101412
2024_07_DEN_NO,2024,7,NO,DEN,Thursday,20:15,thursday_night,1080.9798309012183,3,-4.323919323604874,0,-5,-9.323919323604873
2024_07_NE_JAX,2024,7,JAX,NE,Sunday,09:30,other,3292.4338233803287,49,-13.169735293521315,0,0,-13.169735293521315
2024_07_SEA_ATL,2024,7,ATL,SEA,Sunday,13:00,sunday_afternoon,2181.211450270249,1050,-8.724845801080995,0,0,-8.724845801080995
2024_07_TEN_BUF,2024,7,BUF,TEN,Sunday,13:00,sunday_afternoon,623.9349714665829,630,-2.4957398858663313,0,0,-2.4957398858663313
2024_07_CIN_CLE,2024,7,CLE,CIN,Sunday,13:00,sunday_afternoon,223.1420654813603,653,-0.8925682619254413,0,0,-0.8925682619254413
2024_07_HOU_GB,2024,7,GB,HOU,Sunday,13:00,sunday_afternoon,1098.2693991048561,640,-4.393077596419425,0,0,-4.393077596419425
2024_07_MIA_IND,2024,7,IND,MIA,Sunday,13:00,sunday_afternoon,1010.9849625455764,718,-4.043939850182306,0,0,-4.043939850182306
2024_07_DET_MIN,2024,7,MIN,DET,Sunday,13:00,sunday_afternoon,542.7362252377701,840,-2.1709449009510804,0,0,-2.1709449009510804
2024_07_PHI_NYG,2024,7,NYG,PHI,Sunday,13:00,sunday_afternoon,85.38001317244547,10,-0.3415200526897819,0,0,-0.3415200526897819
2024_07_PHI_NYG,2024,7,NYG,PHI,Sunday,13:00,sunday_afternoon,85.38001317244547,10,-0.3415200526897819,0,0,-0.3415200526897819
2024_07_LV_LA,2024,7,LA,LV,Sunday,16:05,sunday_afternoon,231.79091494935008,107,-0.9271636597974003,0,0,-0.9271636597974003
2024_07_LV_LA,2024,7,LA,LV,Sunday,16:05,sunday_afternoon,231.79091494935008,107,-0.9271636597974003,0,0,-0.9271636597974003
2024_07_CAR_WAS,2024,7,WAS,CAR,Sunday,16:05,sunday_afternoon,336.13163851213307,75,-1.3445265540485323,0,0,-1.3445265540485323
2024_07_KC_SF,2024,7,SF,KC,Sunday,16:25,sunday_afternoon,1494.0763636893282,72,-5.976305454757313,0,0,-5.976305454757313
2024_07_NYJ_PIT,2024,7,PIT,NYJ,Sunday,20:20,sunday_night,313.31182165574796,745,-1.2532472866229918,0,0,-1.2532472866229918
2024_07_NYJ_PIT,2024,7,PIT,NYJ,Sunday,20:20,sunday_night,313.31182165574796,745,-1.2532472866229918,0,0,-1.2532472866229918
2024_07_BAL_TB,2024,7,TB,BAL,Monday,20:15,monday_night,849.0064253447955,26,-3.396025701379182,0,0,-3.396025701379182
2024_07_LAC_ARI,2024,7,ARI,LAC,Monday,21:00,monday_night,351.0624670460791,1117,-1.4042498681843165,0,0,-1.4042498681843165
2024_07_LAC_ARI,2024,7,ARI,LAC,Monday,21:00,monday_night,351.0624670460791,1117,-1.4042498681843165,0,0,-1.4042498681843165
2024_08_MIN_LA,2024,8,LA,MIN,Thursday,20:15,thursday_night,1532.409526202947,107,-6.1296381048117885,0,-5,-11.12963810481179
2024_08_MIN_LA,2024,8,LA,MIN,Thursday,20:15,thursday_night,1532.409526202947,107,-6.1296381048117885,0,-5,-11.12963810481179
2024_08_PHI_CIN,2024,8,CIN,PHI,Sunday,13:00,sunday_afternoon,502.5002003735997,490,-2.0100008014943986,0,0,-2.0100008014943986
2024_08_BAL_CLE,2024,8,CLE,BAL,Sunday,13:00,sunday_afternoon,308.7418292400121,653,-1.2349673169600486,0,0,-1.2349673169600486
2024_08_TEN_DET,2024,8,DET,TEN,Sunday,13:00,sunday_afternoon,470.2994667619047,600,-1.8811978670476188,0,0,-1.8811978670476188
2024_08_IND_HOU,2024,8,HOU,IND,Sunday,13:00,sunday_afternoon,870.2831469062533,50,-3.481132587625013,0,0,-3.481132587625013
2024_08_GB_JAX,2024,8,JAX,GB,Sunday,13:00,sunday_afternoon,1038.776440017862,16,-4.155105760071447,0,0,-4.155105760071447
2024_08_ARI_MIA,2024,8,MIA,ARI,Sunday,13:00,sunday_afternoon,1985.4461179052666,10,-7.941784471621067,0,0,-7.941784471621067
2024_08_NYJ_NE,2024,8,NE,NYJ,Sunday,13:00,sunday_afternoon,170.46787081822302,151,-0.681871483272892,0,0,-0.681871483272892
2024_08_NYJ_NE,2024,8,NE,NYJ,Sunday,13:00,sunday_afternoon,170.46787081822302,151,-0.681871483272892,0,0,-0.681871483272892
2024_08_ATL_TB,2024,8,TB,ATL,Sunday,13:00,sunday_afternoon,413.7721868797348,26,-1.6550887475189393,0,0,-1.6550887475189393
2024_08_NO_LAC,2024,8,LAC,NO,Sunday,16:05,sunday_afternoon,1677.332220643125,107,-6.709328882572501,0,0,-6.709328882572501
2024_08_NO_LAC,2024,8,LAC,NO,Sunday,16:05,sunday_afternoon,1677.332220643125,107,-6.709328882572501,0,0,-6.709328882572501
2024_08_BUF_SEA,2024,8,SEA,BUF,Sunday,16:05,sunday_afternoon,2123.8228728249946,16,-8.495291491299978,0,0,-8.495291491299978
2024_08_CAR_DEN,2024,8,DEN,CAR,Sunday,16:25,sunday_afternoon,1358.4268232026084,5280,-5.433707292810434,-10,0,-15.433707292810434
2024_08_KC_LV,2024,8,LV,KC,Sunday,16:25,sunday_afternoon,1151.810501958709,2030,-4.607242007834836,0,0,-4.607242007834836
2024_08_CHI_WAS,2024,8,WAS,CHI,Sunday,16:25,sunday_afternoon,602.3109460851028,75,-2.4092437843404113,0,0,-2.4092437843404113
2024_08_DAL_SF,2024,8,SF,DAL,Sunday,20:20,sunday_night,1441.254555945005,72,-5.76501822378002,0,0,-5.76501822378002
2024_08_NYG_PIT,2024,8,PIT,NYG,Monday,20:15,monday_night,313.31182165574796,745,-1.2532472866229918,0,0,-1.2532472866229918
2024_08_NYG_PIT,2024,8,PIT,NYG,Monday,20:15,monday_night,313.31182165574796,745,-1.2532472866229918,0,0,-1.2532472866229918
2024_09_HOU_NYJ,2024,9,NYJ,HOU,Thursday,20:15,thursday_night,1423.8392488760614,10,-5.695356995504246,0,-5,-10.695356995504245
2024_09_HOU_NYJ,2024,9,NYJ,HOU,Thursday,20:15,thursday_night,1423.8392488760614,10,-5.695356995504246,0,-5,-10.695356995504245
2024_09_DAL_ATL,2024,9,ATL,DAL,Sunday,13:00,sunday_afternoon,737.8293299779261,1050,-2.9513173199117047,0,0,-2.9513173199117047
2024_09_DEN_BAL,2024,9,BAL,DEN,Sunday,13:00,sunday_afternoon,1510.2032089114361,33,-6.0408128356457444,0,0,-6.0408128356457444
2024_09_MIA_BUF,2024,9,BUF,MIA,Sunday,13:00,sunday_afternoon,1162.027399092766,630,-4.648109596371064,0,0,-4.648109596371064
2024_09_NO_CAR,2024,9,CAR,NO,Sunday,13:00,sunday_afternoon,649.0794327526472,748,-2.596317731010589,0,0,-2.596317731010589
2024_09_LV_CIN,2024,9,CIN,LV,Sunday,13:00,sunday_afternoon,1687.5465771205431,490,-6.7501863084821725,0,0,-6.7501863084821725
2024_09_LAC_CLE,2024,9,CLE,LAC,Sunday,13:00,sunday_afternoon,2056.8052561780373,653,-8.227221024712149,0,0,-8.227221024712149
2024_09_LAC_CLE,2024,9,CLE,LAC,Sunday,13:00,sunday_afternoon,2056.8052561780373,653,-8.227221024712149,0,0,-8.227221024712149
2024_09_WAS_NYG,2024,9,NYG,WAS,Sunday,13:00,sunday_afternoon,198.19078556267328,10,-0.7927631422506931,0,0,-0.7927631422506931
2024_09_WAS_NYG,2024,9,NYG,WAS,Sunday,13:00,sunday_afternoon,198.19078556267328,10,-0.7927631422506931,0,0,-0.7927631422506931
2024_09_NE_TEN,2024,9,TEN,NE,Sunday,13:00,sunday_afternoon,926.1072469649301,446,-3.7044289878597207,0,0,-3.7044289878597207
2024_09_CHI_ARI,2024,9,ARI,CHI,Sunday,16:05,sunday_afternoon,1461.170751218298,1117,-5.8446830048731915,0,0,-5.8446830048731915
2024_09_JAX_PHI,2024,9,PHI,JAX,Sunday,16:05,sunday_afternoon,754.5581182528168,36,-3.0182324730112673,0,0,-3.0182324730112673
2024_09_DET_GB,2024,9,GB,DET,Sunday,16:25,sunday_afternoon,293.15379097155454,640,-1.1726151638862181,0,0,-1.1726151638862181
2024_09_LA_SEA,2024,9,SEA,LA,Sunday,16:25,sunday_afternoon,963.988140890543,16,-3.8559525635621723,0,0,-3.8559525635621723
2024_09_LA_SEA,2024,9,SEA,LA,Sunday,16:25,sunday_afternoon,963.988140890543,16,-3.8559525635621723,0,0,-3.8559525635621723
2024_09_IND_MIN,2024,9,MIN,IND,Sunday,20:20,sunday_night,510.8154239294124,840,-2.04326169571765,0,0,-2.04326169571765
2024_09_TB_KC,2024,9,KC,TB,Monday,20:15,monday_night,1027.9994386335668,750,-4.111997754534268,0,0,-4.111997754534268
2024_10_CIN_BAL,2024,10,BAL,CIN,Thursday,20:15,thursday_night,423.80780020455256,33,-1.6952312008182102,0,-5,-6.69523120081821
2024_10_NYG_CAR,2024,10,CAR,NYG,Sunday,09:30,other,4040.2659949397193,1706,-16.16106397975888,0,0,-16.16106397975888
2024_10_NYG_CAR,2024,10,CAR,NYG,Sunday,09:30,other,4040.2659949397193,1706,-16.16106397975888,0,0,-16.16106397975888
2024_10_NE_CHI,2024,10,CHI,NE,Sunday,13:00,sunday_afternoon,841.0098214063603,597,-3.364039285625441,0,0,-3.364039285625441
2024_10_BUF_IND,2024,10,IND,BUF,Sunday,13:00,sunday_afternoon,436.5573121795791,718,-1.7462292487183166,0,0,-1.7462292487183166
2024_10_MIN_JAX,2024,10,JAX,MIN,Sunday,13:00,sunday_afternoon,1191.6943821650177,16,-4.766777528660071,0,0,-4.766777528660071
2024_10_DEN_KC,2024,10,KC,DEN,Sunday,13:00,sunday_afternoon,564.39821421887,750,-2.2575928568754797,0,0,-2.2575928568754797
2024_10_ATL_NO,2024,10,NO,ATL,Sunday,13:00,sunday_afternoon,424.48778579567886,3,-1.6979511431827154,0,0,-1.6979511431827154
2024_10_SF_TB,2024,10,TB,SF,Sunday,13:00,sunday_afternoon,2370.9268256623527,26,-9.48370730264941,0,0,-9.48370730264941
2024_10_PIT_WAS,2024,10,WAS,PIT,Sunday,13:00,sunday_afternoon,198.7232731128526,75,-0.7948930924514105,0,0,-0.7948930924514105
2024_10_TEN_LAC,2024,10,LAC,TEN,Sunday,16:05,sunday_afternoon,1787.9731962413707,107,-7.151892784965483,0,0,-7.151892784965483
2024_10_TEN_LAC,2024,10,LAC,TEN,Sunday,16:05,sunday_afternoon,1787.9731962413707,107,-7.151892784965483,0,0,-7.151892784965483
2024_10_NYJ_ARI,2024,10,ARI,NYJ,Sunday,16:25,sunday_afternoon,2148.480965203459,1117,-8.593923860813836,0,0,-8.593923860813836
2024_10_NYJ_ARI,2024,10,ARI,NYJ,Sunday,16:25,sunday_afternoon,2148.480965203459,1117,-8.593923860813836,0,0,-8.593923860813836
2024_10_PHI_DAL,2024,10,DAL,PHI,Sunday,16:25,sunday_afternoon,1314.7096773370806,607,-5.258838709348322,0,0,-5.258838709348322
2024_10_DET_HOU,2024,10,HOU,DET,Sunday,20:20,sunday_night,1111.4874702307059,50,-4.445949880922823,0,0,-4.445949880922823
2024_10_MIA_LA,2024,10,LA,MIA,Monday,20:15,monday_night,2336.5073363552287,107,-9.346029345420915,0,0,-9.346029345420915
2024_10_MIA_LA,2024,10,LA,MIA,Monday,20:15,monday_night,2336.5073363552287,107,-9.346029345420915,0,0,-9.346029345420915
2024_11_WAS_PHI,2024,11,PHI,WAS,Thursday,20:15,thursday_night,113.76529373007945,36,-0.4550611749203178,0,-5,-5.455061174920318
2024_11_GB_CHI,2024,11,CHI,GB,Sunday,13:00,sunday_afternoon,183.5595321826464,597,-0.7342381287305856,0,0,-0.7342381287305856
2024_11_JAX_DET,2024,11,DET,JAX,Sunday,13:00,sunday_afternoon,832.207199550555,600,-3.32882879820222,0,0,-3.32882879820222
2024_11_LV_MIA,2024,11,MIA,LV,Sunday,13:00,sunday_afternoon,2173.8581877687798,10,-8.695432751075119,0,0,-8.695432751075119
2024_11_LA_NE,2024,11,NE,LA,Sunday,13:00,sunday_afternoon,2595.0965979143384,151,-10.380386391657353,0,0,-10.380386391657353
2024_11_LA_NE,2024,11,NE,LA,Sunday,13:00,sunday_afternoon,2595.0965979143384,151,-10.380386391657353,0,0,-10.380386391657353
2024_11_CLE_NO,2024,11,NO,CLE,Sunday,13:00,sunday_afternoon,924.4521384967784,3,-3.6978085539871137,0,0,-3.6978085539871137
2024_11_IND_NYJ,2024,11,NYJ,IND,Sunday,13:00,sunday_afternoon,642.4007193164846,10,-2.5696028772659383,0,0,-2.5696028772659383
2024_11_IND_NYJ,2024,11,NYJ,IND,Sunday,13:00,sunday_afternoon,642.4007193164846,10,-2.5696028772659383,0,0,-2.5696028772659383
2024_11_BAL_PIT,2024,11,PIT,BAL,Sunday,13:00,sunday_afternoon,197.58632324395316,745,-0.7903452929758127,0,0,-0.7903452929758127
2024_11_MIN_TEN,2024,11,TEN,MIN,Sunday,13:00,sunday_afternoon,696.4193990234472,446,-2.785677596093789,0,0,-2.785677596093789
2024_11_ATL_DEN,2024,11,DEN,ATL,Sunday,16:05,sunday_afternoon,1211.7783632502128,5280,-4.847113453000851,-10,0,-14.847113453000851
2024_11_SEA_SF,2024,11,SF,SEA,Sunday,16:05,sunday_afternoon,703.7324322934978,72,-2.814929729173991,0,0,-2.814929729173991
2024_11_KC_BUF,2024,11,BUF,KC,Sunday,16:25,sunday_afternoon,859.4755687176983,630,-3.437902274870793,0,0,-3.437902274870793
2024_11_CIN_LAC,2024,11,LAC,CIN,Sunday,20:20,sunday_night,1904.0475787851728,107,-7.616190315140692,0,0,-7.616190315140692
2024_11_CIN_LAC,2024,11,LAC,CIN,Sunday,20:20,sunday_night,1904.0475787851728,107,-7.616190315140692,0,0,-7.616190315140692
2024_11_HOU_DAL,2024,11,DAL,HOU,Monday,20:15,monday_night,233.35039069206644,607,-0.9334015627682658,0,0,-0.9334015627682658
2024_12_PIT_CLE,2024,12,CLE,PIT,Thursday,20:15,thursday_night,114.43662881044263,653,-0.4577465152417705,0,-5,-5.45774651524177
2024_12_KC_CAR,2024,12,CAR,KC,Sunday,13:00,sunday_afternoon,796.439695683599,748,-3.185758782734396,0,0,-3.185758782734396
2024_12_MIN_CHI,2024,12,CHI,MIN,Sunday,13:00,sunday_afternoon,355.8252670830593,597,-1.4233010683322374,0,0,-1.4233010683322374
2024_12_TEN_HOU,2024,12,HOU,TEN,Sunday,13:00,sunday_afternoon,671.4741427706019,50,-2.6858965710824076,0,0,-2.6858965710824076
2024_12_DET_IND,2024,12,IND,DET,Sunday,13:00,sunday_afternoon,241.27359898366564,718,-0.9650943959346626,0,0,-0.9650943959346626
2024_12_NE_MIA,2024,12,MIA,NE,Sunday,13:00,sunday_afternoon,1223.6899077325252,10,-4.894759630930101,0,0,-4.894759630930101
2024_12_TB_NYG,2024,12,NYG,TB,Sunday,13:00,sunday_afternoon,1006.1962872009364,10,-4.024785148803746,0,0,-4.024785148803746
2024_12_TB_NYG,2024,12,NYG,TB,Sunday,13:00,sunday_afternoon,1006.1962872009364,10,-4.024785148803746,0,0,-4.024785148803746
2024_12_DAL_WAS,2024,12,WAS,DAL,Sunday,13:00,sunday_afternoon,1209.4335310270528,75,-4.837734124108211,0,0,-4.837734124108211
2024_12_DEN_LV,2024,12,LV,DEN,Sunday,16:05,sunday_afternoon,610.4605017871257,2030,-2.441842007148503,0,0,-2.441842007148503
2024_12_SF_GB,2024,12,GB,SF,Sunday,16:25,sunday_afternoon,1825.8083220939768,640,-7.303233288375908,0,0,-7.303233288375908
2024_12_ARI_SEA,2024,12,SEA,ARI,Sunday,16:25,sunday_afternoon,1103.6948117869713,16,-4.4147792471478855,0,0,-4.4147792471478855
2024_12_PHI_LA,2024,12,LA,PHI,Sunday,20:20,sunday_night,2401.3002956566684,107,-9.605201182626674,0,0,-9.605201182626674
2024_12_PHI_LA,2024,12,LA,PHI,Sunday,20:20,sunday_night,2401.3002956566684,107,-9.605201182626674,0,0,-9.605201182626674
2024_12_BAL_LAC,2024,12,LAC,BAL,Monday,20:15,monday_night,2326.949796092787,107,-9.307799184371149,0,0,-9.307799184371149
2024_12_BAL_LAC,2024,12,LAC,BAL,Monday,20:15,monday_night,2326.949796092787,107,-9.307799184371149,0,0,-9.307799184371149
2024_13_CHI_DET,2024,13,DET,CHI,Thursday,12:30,thursday_night,237.22408138230588,600,-0.9488963255292235,0,-5,-5.9488963255292235
2024_13_NYG_DAL,2024,13,DAL,NYG,Thursday,16:30,thursday_night,1387.3061277938004,607,-5.549224511175202,0,-5,-10.549224511175202
2024_13_NYG_DAL,2024,13,DAL,NYG,Thursday,16:30,thursday_night,1387.3061277938004,607,-5.549224511175202,0,-5,-10.549224511175202
2024_13_MIA_GB,2024,13,GB,MIA,Thursday,20:20,thursday_night,1351.173666036639,640,-5.404694664146556,0,-5,-10.404694664146556
2024_13_LV_KC,2024,13,KC,LV,Friday,15:00,other,1151.810501958709,750,-4.607242007834836,0,0,-4.607242007834836
2024_13_LAC_ATL,2024,13,ATL,LAC,Sunday,13:00,sunday_afternoon,1942.5557179941566,1050,-7.770222871976626,0,0,-7.770222871976626
2024_13_LAC_ATL,2024,13,ATL,LAC,Sunday,13:00,sunday_afternoon,1942.5557179941566,1050,-7.770222871976626,0,0,-7.770222871976626
2024_13_PIT_CIN,2024,13,CIN,PIT,Sunday,13:00,sunday_afternoon,257.0443735493153,490,-1.0281774941972612,0,0,-1.0281774941972612
2024_13_HOU_JAX,2024,13,JAX,HOU,Sunday,13:00,sunday_afternoon,826.3978479557396,16,-3.3055913918229587,0,0,-3.3055913918229587
2024_13_ARI_MIN,2024,13,MIN,ARI,Sunday,13:00,sunday_afternoon,1283.8853314773653,840,-5.135541325909461,0,0,-5.135541325909461
2024_13_IND_NE,2024,13,NE,IND,Sunday,13:00,sunday_afternoon,795.1301535809905,151,-3.180520614323962,0,0,-3.180520614323962
2024_13_SEA_NYJ,2024,13,NYJ,SEA,Sunday,13:00,sunday_afternoon,2401.8748992374044,10,-9.607499596949618,0,0,-9.607499596949618
2024_13_SEA_NYJ,2024,13,NYJ,SEA,Sunday,13:00,sunday_afternoon,2401.8748992374044,10,-9.607499596949618,0,0,-9.607499596949618
2024_13_TEN_WAS,2024,13,WAS,TEN,Sunday,13:00,sunday_afternoon,575.5922752210133,75,-2.302369100884053,0,0,-2.302369100884053
2024_13_TB_CAR,2024,13,CAR,TB,Sunday,16:05,sunday_afternoon,508.8702954942538,748,-2.035481181977015,0,0,-2.035481181977015
2024_13_LA_NO,2024,13,NO,LA,Sunday,16:05,sunday_afternoon,1677.332220643125,3,-6.709328882572501,0,0,-6.709328882572501
2024_13_LA_NO,2024,13,NO,LA,Sunday,16:05,sunday_afternoon,1677.332220643125,3,-6.709328882572501,0,0,-6.709328882572501
2024_13_PHI_BAL,2024,13,BAL,PHI,Sunday,16:25,sunday_afternoon,88.76503653669847,33,-0.35506014614679393,0,0,-0.35506014614679393
2024_13_SF_BUF,2024,13,BUF,SF,Sunday,20:20,sunday_night,2292.704787283729,630,-9.170819149134916,0,0,-9.170819149134916
2024_13_CLE_DEN,2024,13,DEN,CLE,Monday,20:15,monday_night,1227.0950400571664,5280,-4.908380160228666,-10,0,-14.908380160228667
2024_14_GB_DET,2024,14,DET,GB,Thursday,20:15,thursday_night,293.15379097155454,600,-1.1726151638862181,0,-5,-6.172615163886218
2024_14_NYJ_MIA,2024,14,MIA,NYJ,Sunday,13:00,sunday_afternoon,1083.2632096497498,10,-4.3330528385989995,0,0,-4.3330528385989995
2024_14_NYJ_MIA,2024,14,MIA,NYJ,Sunday,13:00,sunday_afternoon,1083.2632096497498,10,-4.3330528385989995,0,0,-4.3330528385989995
2024_14_ATL_MIN,2024,14,MIN,ATL,Sunday,13:00,sunday_afternoon,906.3941877164399,840,-3.6255767508657595,0,0,-3.6255767508657595
2024_14_NO_NYG,2024,14,NYG,NO,Sunday,13:00,sunday_afternoon,1170.256862380633,10,-4.681027449522532,0,0,-4.681027449522532
2024_14_NO_NYG,2024,14,NYG,NO,Sunday,13:00,sunday_afternoon,1170.256862380633,10,-4.681027449522532,0,0,-4.681027449522532
2024_14_CAR_PHI,2024,14,PHI,CAR,Sunday,13:00,sunday_afternoon,448.5364644137646,36,-1.7941458576550584,0,0,-1.7941458576550584
2024_14_CLE_PIT,2024,14,PIT,CLE,Sunday,13:00,sunday_afternoon,114.43662881044263,745,-0.4577465152417705,0,0,-0.4577465152417705
2024_14_LV_TB,2024,14,TB,LV,Sunday,13:00,sunday_afternoon,1987.393060929854,26,-7.949572243719416,0,0,-7.949572243719416
2024_14_JAX_TEN,2024,14,TEN,JAX,Sunday,13:00,sunday_afternoon,500.3185598996189,446,-2.0012742395984757,0,0,-2.0012742395984757
2024_14_SEA_ARI,2024,14,ARI,SEA,Sunday,16:05,sunday_afternoon,1103.6948117869713,1117,-4.4147792471478855,0,0,-4.4147792471478855
2024_14_BUF_LA,2024,14,LA,BUF,Sunday,16:25,sunday_afternoon,2210.2230459777165,107,-8.840892183910867,0,0,-8.840892183910867
2024_14_BUF_LA,2024,14,LA,BUF,Sunday,16:25,sunday_afternoon,2210.2230459777165,107,-8.840892183910867,0,0,-8.840892183910867
2024_14_CHI_SF,2024,14,SF,CHI,Sunday,16:25,sunday_afternoon,1845.549933587598,72,-7.382199734350392,0,0,-7.382199734350392
2024_14_LAC_KC,2024,14,KC,LAC,Sunday,20:20,sunday_night,1369.238752829446,750,-5.476955011317784,0,0,-5.476955011317784
2024_14_LAC_KC,2024,14,KC,LAC,Sunday,20:20,sunday_night,1369.238752829446,750,-5.476955011317784,0,0,-5.476955011317784
2024_14_CIN_DAL,2024,14,DAL,CIN,Monday,20:15,monday_night,828.9526082357459,607,-3.3158104329429836,0,0,-3.3158104329429836
2024_15_LA_SF,2024,15,SF,LA,Thursday,20:15,thursday_night,313.42712250590324,72,-1.253708490023613,0,-5,-6.253708490023613
2024_15_LA_SF,2024,15,SF,LA,Thursday,20:15,thursday_night,313.42712250590324,72,-1.253708490023613,0,-5,-6.253708490023613
2024_15_DAL_CAR,2024,15,CAR,DAL,Sunday,13:00,sunday_afternoon,946.8895405276465,748,-3.787558162110586,0,0,-3.787558162110586
2024_15_KC_CLE,2024,15,CLE,KC,Sunday,13:00,sunday_afternoon,695.8221208924771,653,-2.7832884835699083,0,0,-2.7832884835699083
2024_15_MIA_HOU,2024,15,HOU,MIA,Sunday,13:00,sunday_afternoon,962.7477581614356,50,-3.8509910326457426,0,0,-3.8509910326457426
2024_15_NYJ_JAX,2024,15,JAX,NYJ,Sunday,13:00,sunday_afternoon,838.4706417512315,16,-3.353882567004926,0,0,-3.353882567004926
2024_15_NYJ_JAX,2024,15,JAX,NYJ,Sunday,13:00,sunday_afternoon,838.4706417512315,16,-3.353882567004926,0,0,-3.353882567004926
2024_15_WAS_NO,2024,15,NO,WAS,Sunday,13:00,sunday_afternoon,973.3212289806356,3,-3.8932849159225427,0,0,-3.8932849159225427
2024_15_BAL_NYG,2024,15,NYG,BAL,Sunday,13:00,sunday_afternoon,171.66995997906827,10,-0.6866798399162731,0,0,-0.6866798399162731
2024_15_BAL_NYG,2024,15,NYG,BAL,Sunday,13:00,sunday_afternoon,171.66995997906827,10,-0.6866798399162731,0,0,-0.6866798399162731
2024_15_CIN_TEN,2024,15,TEN,CIN,Sunday,13:00,sunday_afternoon,236.84027586076465,446,-0.9473611034430586,0,0,-0.9473611034430586
2024_15_NE_ARI,2024,15,ARI,NE,Sunday,16:25,sunday_afternoon,2296.1068555316833,1117,-9.184427422126733,0,0,-9.184427422126733
2024_15_IND_DEN,2024,15,DEN,IND,Sunday,16:25,sunday_afternoon,1001.0259446192404,5280,-4.004103778476962,-10,0,-14.004103778476962
2024_15_BUF_DET,2024,15,DET,BUF,Sunday,16:25,sunday_afternoon,219.34399579535335,600,-0.8773759831814134,0,0,-0.8773759831814134
2024_15_TB_LAC,2024,15,LAC,TB,Sunday,16:25,sunday_afternoon,2155.6445298422923,107,-8.62257811936917,0,0,-8.62257811936917
2024_15_TB_LAC,2024,15,LAC,TB,Sunday,16:25,sunday_afternoon,2155.6445298422923,107,-8.62257811936917,0,0,-8.62257811936917
2024_15_PIT_PHI,2024,15,PHI,PIT,Sunday,16:25,sunday_afternoon,259.3195861798221,36,-1.0372783447192886,0,0,-1.0372783447192886
2024_15_GB_SEA,2024,15,SEA,GB,Sunday,20:20,sunday_night,1648.2055579556677,16,-6.592822231822671,0,0,-6.592822231822671
2024_15_CHI_MIN,2024,15,MIN,CHI,Monday,20:00,monday_night,355.8252670830593,840,-1.4233010683322374,0,0,-1.4233010683322374
2024_15_ATL_LV,2024,15,LV,ATL,Monday,20:30,monday_night,1747.8588536020577,2030,-6.991435414408231,0,0,-6.991435414408231
2024_16_DEN_LAC,2024,16,LAC,DEN,Thursday,20:15,thursday_night,839.0822077990473,107,-3.356328831196189,0,-5,-8.356328831196189
2024_16_DEN_LAC,2024,16,LAC,DEN,Thursday,20:15,thursday_night,839.0822077990473,107,-3.356328831196189,0,-5,-8.356328831196189
2024_16_HOU_KC,2024,16,KC,HOU,Saturday,13:00,other,647.6203821497112,750,-2.5904815285988447,0,0,-2.5904815285988447
2024_16_PIT_BAL,2024,16,BAL,PIT,Saturday,16:30,other,197.58632324395316,33,-0.7903452929758127,0,0,-0.7903452929758127
2024_16_NYG_ATL,2024,16,ATL,NYG,Sunday,13:00,sunday_afternoon,747.8011455001234,1050,-2.9912045820004938,0,0,-2.9912045820004938
2024_16_NYG_ATL,2024,16,ATL,NYG,Sunday,13:00,sunday_afternoon,747.8011455001234,1050,-2.9912045820004938,0,0,-2.9912045820004938
2024_16_ARI_CAR,2024,16,CAR,ARI,Sunday,13:00,sunday_afternoon,1791.4508844007917,748,-7.165803537603167,0,0,-7.165803537603167
2024_16_DET_CHI,2024,16,CHI,DET,Sunday,13:00,sunday_afternoon,237.22408138230588,597,-0.9488963255292235,0,0,-0.9488963255292235
2024_16_CLE_CIN,2024,16,CIN,CLE,Sunday,13:00,sunday_afternoon,223.1420654813603,490,-0.8925682619254413,0,0,-0.8925682619254413
2024_16_TEN_IND,2024,16,IND,TEN,Sunday,13:00,sunday_afternoon,250.0564983124086,718,-1.0002259932496345,0,0,-1.0002259932496345
2024_16_LA_NYJ,2024,16,NYJ,LA,Sunday,13:00,sunday_afternoon,2454.7348847813832,10,-9.818939539125534,0,0,-9.818939539125534
2024_16_LA_NYJ,2024,16,NYJ,LA,Sunday,13:00,sunday_afternoon,2454.7348847813832,10,-9.818939539125534,0,0,-9.818939539125534
2024_16_LA_NYJ,2024,16,NYJ,LA,Sunday,13:00,sunday_afternoon,2454.7348847813832,10,-9.818939539125534,0,0,-9.818939539125534
2024_16_LA_NYJ,2024,16,NYJ,LA,Sunday,13:00,sunday_afternoon,2454.7348847813832,10,-9.818939539125534,0,0,-9.818939539125534
2024_16_PHI_WAS,2024,16,WAS,PHI,Sunday,13:00,sunday_afternoon,113.76529373007945,75,-0.4550611749203178,0,0,-0.4550611749203178
2024_16_MIN_SEA,2024,16,SEA,MIN,Sunday,16:05,sunday_afternoon,1395.6325737294462,16,-5.582530294917785,0,0,-5.582530294917785
2024_16_NE_BUF,2024,16,BUF,NE,Sunday,16:25,sunday_afternoon,387.38853588575097,630,-1.5495541435430038,0,0,-1.5495541435430038
2024_16_JAX_LV,2024,16,LV,JAX,Sunday,16:25,sunday_afternoon,1973.4374122570619,2030,-7.893749649028248,0,0,-7.893749649028248
2024_16_SF_MIA,2024,16,MIA,SF,Sunday,16:25,sunday_afternoon,2558.7640282766515,10,-10.235056113106607,0,0,-10.235056113106607
2024_16_TB_DAL,2024,16,DAL,TB,Sunday,20:20,sunday_night,930.4750988684756,607,-3.7219003954739023,0,0,-3.7219003954739023
2024_16_NO_GB,2024,16,GB,NO,Monday,20:15,monday_night,1009.4777702332046,640,-4.037911080932819,0,0,-4.037911080932819
2024_17_KC_PIT,2024,17,PIT,KC,Wednesday,13:00,other,775.6325894614503,745,-3.1025303578458012,0,0,-3.1025303578458012
2024_17_BAL_HOU,2024,17,HOU,BAL,Wednesday,16:30,other,1255.9845214523218,50,-5.023938085809287,0,0,-5.023938085809287
2024_17_SEA_CHI,2024,17,CHI,SEA,Thursday,20:15,thursday_night,1738.4770547110388,597,-6.953908218844155,0,-5,-11.953908218844155
2024_17_LAC_NE,2024,17,NE,LAC,Saturday,13:00,other,2595.0965979143384,151,-10.380386391657353,0,0,-10.380386391657353
2024_17_LAC_NE,2024,17,NE,LAC,Saturday,13:00,other,2595.0965979143384,151,-10.380386391657353,0,0,-10.380386391657353
2024_17_DEN_CIN,2024,17,CIN,DEN,Saturday,16:30,other,1094.3880814548377,490,-4.377552325819351,0,0,-4.377552325819351
2024_17_ARI_LA,2024,17,LA,ARI,Saturday,20:15,other,351.0624670460791,107,-1.4042498681843165,0,0,-1.4042498681843165
2024_17_ARI_LA,2024,17,LA,ARI,Saturday,20:15,other,351.0624670460791,107,-1.4042498681843165,0,0,-1.4042498681843165
2024_17_NYJ_BUF,2024,17,BUF,NYJ,Sunday,13:00,sunday_afternoon,278.4374602525353,630,-1.1137498410101412,0,0,-1.1137498410101412
2024_17_NYJ_BUF,2024,17,BUF,NYJ,Sunday,13:00,sunday_afternoon,278.4374602525353,630,-1.1137498410101412,0,0,-1.1137498410101412
2024_17_TEN_JAX,2024,17,JAX,TEN,Sunday,13:00,sunday_afternoon,500.3185598996189,16,-2.0012742395984757,0,0,-2.0012742395984757
2024_17_LV_NO,2024,17,NO,LV,Sunday,13:00,sunday_afternoon,1512.5977946148776,3,-6.050391178459511,0,0,-6.050391178459511
2024_17_IND_NYG,2024,17,NYG,IND,Sunday,13:00,sunday_afternoon,642.4007193164846,10,-2.5696028772659383,0,0,-2.5696028772659383
2024_17_IND_NYG,2024,17,NYG,IND,Sunday,13:00,sunday_afternoon,642.4007193164846,10,-2.5696028772659383,0,0,-2.5696028772659383
2024_17_DAL_PHI,2024,17,PHI,DAL,Sunday,13:00,sunday_afternoon,1314.7096773370806,36,-5.258838709348322,0,0,-5.258838709348322
2024_17_CAR_TB,2024,17,TB,CAR,Sunday,13:00,sunday_afternoon,508.8702954942538,26,-2.035481181977015,0,0,-2.035481181977015
2024_17_MIA_CLE,2024,17,CLE,MIA,Sunday,16:05,sunday_afternoon,1074.8641070477577,653,-4.29945642819103,0,0,-4.29945642819103
2024_17_GB_MIN,2024,17,MIN,GB,Sunday,16:25,sunday_afternoon,257.72070689315416,840,-1.0308828275726167,0,0,-1.0308828275726167
2024_17_ATL_WAS,2024,17,WAS,ATL,Sunday,20:20,sunday_night,550.0643404306453,75,-2.2002573617225814,0,0,-2.2002573617225814
2024_17_DET_SF,2024,17,SF,DET,Monday,20:15,monday_night,2078.557959728215,72,-8.31423183891286,0,0,-8.31423183891286
2024_18_CLE_BAL,2024,18,BAL,CLE,Saturday,16:30,other,308.7418292400121,33,-1.2349673169600486,0,0,-1.2349673169600486
2024_18_CIN_PIT,2024,18,PIT,CIN,Saturday,20:00,other,257.0443735493153,745,-1.0281774941972612,0,0,-1.0281774941972612
2024_18_CAR_ATL,2024,18,ATL,CAR,Sunday,13:00,sunday_afternoon,226.41600727818627,1050,-0.9056640291127451,0,0,-0.9056640291127451
2024_18_WAS_DAL,2024,18,DAL,WAS,Sunday,13:00,sunday_afternoon,1209.4335310270528,607,-4.837734124108211,0,0,-4.837734124108211
2024_18_CHI_GB,2024,18,GB,CHI,Sunday,13:00,sunday_afternoon,183.5595321826464,640,-0.7342381287305856,0,0,-0.7342381287305856
2024_18_JAX_IND,2024,18,IND,JAX,Sunday,13:00,sunday_afternoon,699.0183937487074,718,-2.7960735749948293,0,0,-2.7960735749948293
2024_18_BUF_NE,2024,18,NE,BUF,Sunday,13:00,sunday_afternoon,387.38853588575097,151,-1.5495541435430038,0,0,-1.5495541435430038
2024_18_NYG_PHI,2024,18,PHI,NYG,Sunday,13:00,sunday_afternoon,85.38001317244547,36,-0.3415200526897819,0,0,-0.3415200526897819
2024_18_NYG_PHI,2024,18,PHI,NYG,Sunday,13:00,sunday_afternoon,85.38001317244547,36,-0.3415200526897819,0,0,-0.3415200526897819
2024_18_NO_TB,2024,18,TB,NO,Sunday,13:00,sunday_afternoon,478.58799709526795,26,-1.9143519883810718,0,0,-1.9143519883810718
2024_18_HOU_TEN,2024,18,TEN,HOU,Sunday,13:00,sunday_afternoon,671.4741427706019,446,-2.6858965710824076,0,0,-2.6858965710824076
2024_18_SF_ARI,2024,18,ARI,SF,Sunday,16:25,sunday_afternoon,608.7755064662525,1117,-2.4351020258650102,0,0,-2.4351020258650102
2024_18_KC_DEN,2024,18,DEN,KC,Sunday,16:25,sunday_afternoon,564.39821421887,5280,-2.2575928568754797,-10,0,-12.25759285687548
2024_18_SEA_LA,2024,18,LA,SEA,Sunday,16:25,sunday_afternoon,963.988140890543,107,-3.8559525635621723,0,0,-3.8559525635621723
2024_18_SEA_LA,2024,18,LA,SEA,Sunday,16:25,sunday_afternoon,963.988140890543,107,-3.8559525635621723,0,0,-3.8559525635621723
2024_18_LAC_LV,2024,18,LV,LAC,Sunday,16:25,sunday_afternoon,231.79091494935008,2030,-0.9271636597974003,0,0,-0.9271636597974003
2024_18_LAC_LV,2024,18,LV,LAC,Sunday,16:25,sunday_afternoon,231.79091494935008,2030,-0.9271636597974003,0,0,-0.9271636597974003
2024_18_MIA_NYJ,2024,18,NYJ,MIA,Sunday,16:25,sunday_afternoon,1083.2632096497498,10,-4.3330528385989995,0,0,-4.3330528385989995
2024_18_MIA_NYJ,2024,18,NYJ,MIA,Sunday,16:25,sunday_afternoon,1083.2632096497498,10,-4.3330528385989995,0,0,-4.3330528385989995
2024_18_MIN_DET,2024,18,DET,MIN,Sunday,20:20,sunday_night,542.7362252377701,600,-2.1709449009510804,0,0,-2.1709449009510804
